model,seed,poison_rate,arm,probe_n,view,status,first_start,first_end,first_gain_pp,minimum_observed_updates,maximum_20_update_gain_pp,maximum_sampling_gap,largest_later_drop_pp
Qwen3-8B,1001,0.01,poison,60,primary,observed,89,92,56.666666666666664,3,86.66666666666667,20,56.666666666666664
Qwen3-8B,1002,0.01,poison,60,primary,observed,80,95,50.0,5,66.66666666666667,20,11.66666666666667
Qwen3-8B,1003,0.01,poison,60,primary,observed,103,107,51.66666666666666,3,96.66666666666667,20,15.000000000000002
Qwen3-8B,1004,0.01,poison,60,primary,observed,80,100,93.33333333333333,20,93.33333333333333,20,1.6666666666666718
Qwen3-8B,1005,0.01,poison,60,primary,observed,80,100,56.666666666666664,20,56.666666666666664,20,0.0
Qwen3-8B,1006,0.01,poison,60,primary,observed,80,100,89.99999999999999,20,89.99999999999999,20,1.6666666666666718
Qwen3-8B,1007,0.01,poison,60,primary,observed,120,140,75.0,20,75.0,20,6.666666666666665
Qwen3-8B,1008,0.01,poison,60,primary,observed,80,100,89.99999999999999,20,89.99999999999999,20,1.6666666666666718
Qwen3-8B,1009,0.01,poison,60,primary,observed,80,100,89.99999999999999,20,89.99999999999999,20,89.99999999999999
Qwen3-8B,1010,0.01,poison,60,primary,observed,120,140,63.33333333333333,20,63.33333333333333,20,1.6666666666666718
SD3.5-Large,1001,0.01,poison,60,primary,not_observed_at_available_resolution,,,,,,100,0.0
SD3.5-Large,1002,0.01,poison,60,primary,not_observed_at_available_resolution,,,,,,100,0.0
SD3.5-Large,1003,0.01,poison,60,primary,not_observed_at_available_resolution,,,,,,100,0.0
SD3.5-Large,1004,0.05,poison,60,primary,not_observed_at_available_resolution,,,,,,100,0.0
SD3.5-Large,1005,0.05,poison,60,primary,not_observed_at_available_resolution,,,,,,100,0.0
SD3.5-Large,1006,0.05,poison,60,primary,not_observed_at_available_resolution,,,,,,100,0.0
SD3.5-Large,1007,0.05,poison,60,primary,not_observed_at_available_resolution,,,,,,100,0.0
SD3.5-Large,1008,0.05,poison,60,primary,not_observed_at_available_resolution,,,,,,100,0.0
SD3.5-Large,1009,0.05,poison,60,primary,not_observed_at_available_resolution,,,,,,100,0.0
SD3.5-Large,1010,0.05,poison,60,primary,not_observed_at_available_resolution,,,,,,100,0.0
SD3.5-Large,1004,0.1,poison,60,primary,not_observed_at_available_resolution,,,,,,100,0.0
Falcon-Mamba-7B,1001,0.05,poison,60,primary,not_observed_at_available_resolution,,,,,40.0,20,0.0
Falcon-Mamba-7B,1002,0.05,poison,60,primary,not_observed_at_available_resolution,,,,,21.666666666666668,20,0.0
Falcon-Mamba-7B,1003,0.05,poison,60,primary,not_observed_at_available_resolution,,,,,40.0,20,0.0
Falcon-Mamba-7B,1004,0.05,poison,60,primary,not_observed_at_available_resolution,,,,,6.666666666666667,20,0.0
Falcon-Mamba-7B,1005,0.05,poison,60,primary,not_observed_at_available_resolution,,,,,6.666666666666667,20,0.0
Falcon-Mamba-7B,1001,0.1,poison,60,primary,not_observed_at_available_resolution,,,,,33.333333333333336,20,0.0
Falcon-Mamba-7B,1002,0.1,poison,60,primary,not_observed_at_available_resolution,,,,,18.333333333333332,20,0.0
Falcon-Mamba-7B,1003,0.1,poison,60,primary,not_observed_at_available_resolution,,,,,31.66666666666667,20,0.0
Falcon-Mamba-7B,1001,0.15,poison,60,primary,not_observed_at_available_resolution,,,,,14.999999999999996,20,0.0
Falcon-Mamba-7B,1002,0.15,poison,60,primary,not_observed_at_available_resolution,,,,,28.333333333333332,20,0.0
Falcon-Mamba-7B,1003,0.15,poison,60,primary,not_observed_at_available_resolution,,,,,15.000000000000002,20,0.0
resnet50,1001,0.05,poison,180,primary,observed,20,25,59.99999940395355,5,100.0,5,0.5555570125579834
resnet50,1002,0.05,poison,180,primary,observed,15,20,53.333332762122154,5,99.44444298744202,5,0.5555570125579834
resnet50,1003,0.05,poison,180,primary,observed,15,20,79.44444380700588,5,100.0,5,0.5555570125579834
resnet50,1001,0.0,clean,180,primary,not_observed_at_available_resolution,,,,,1.666666753590107,5,0.0
vit_b_16,1001,0.05,poison,180,primary,observed,25,30,63.333335518836975,5,98.88888886198401,5,1.6666650772094727
vit_b_16,1002,0.05,poison,180,primary,observed,25,30,89.44444432854652,5,98.3333332464099,5,1.1111140251159668
vit_b_16,1003,0.05,poison,180,primary,observed,30,35,70.55555656552315,5,98.88888886198401,5,6.666666269302368
vit_b_16,1001,0.0,clean,180,primary,not_observed_at_available_resolution,,,,,2.222222276031971,5,0.0
resnet50,1004,0.05,poison,180,primary,observed,20,25,88.88888619840145,5,100.0,5,0.5555570125579834
resnet50,1005,0.05,poison,180,primary,observed,15,20,69.99999843537807,5,100.0,5,0.0
resnet50,1006,0.05,poison,180,primary,observed,20,25,71.1111068725586,5,100.0,5,0.0
resnet50,1007,0.05,poison,180,primary,observed,20,25,72.22222089767456,5,100.0,5,1.1111140251159668
resnet50,1008,0.05,poison,180,primary,observed,10,20,50.00000144354999,10,100.0,5,0.5555570125579834
resnet50,1009,0.05,poison,180,primary,observed,20,25,62.22222149372101,5,100.0,5,1.1111140251159668
resnet50,1010,0.05,poison,180,primary,observed,15,20,63.888887874782085,5,100.0,5,0.5555570125579834
vit_b_16,1004,0.05,poison,180,primary,observed,35,40,81.11110888421535,5,97.22222220152617,5,1.6666650772094727
vit_b_16,1005,0.05,poison,180,primary,observed,25,30,70.00000011175871,5,97.77777772396803,5,1.1111140251159668
vit_b_16,1006,0.05,poison,180,primary,observed,30,35,81.11111223697662,5,98.88888886198401,5,1.1111140251159668
vit_b_16,1007,0.05,poison,180,primary,observed,30,35,69.9999988079071,5,96.66666649281979,5,1.6666650772094727
vit_b_16,1008,0.05,poison,180,primary,observed,30,35,83.33333358168602,5,98.88888886198401,5,2.222222089767456
vit_b_16,1009,0.05,poison,180,primary,observed,30,35,56.11111223697662,5,97.77777772396803,5,1.6666650772094727
vit_b_16,1010,0.05,poison,180,primary,observed,20,25,92.22222082316875,5,98.88888886198401,5,1.6666650772094727
resnet50,1001,0.05,poison,900,verified_dense,observed,18,21,54.55555319786072,3,97.00000006705523,1,0.0
resnet50,1002,0.05,poison,900,verified_dense,observed,17,20,56.33333623409271,3,96.66666723787785,1,0.0
resnet50,1003,0.05,poison,900,verified_dense,observed,15,19,53.66666428744793,3,94.9999999254942,1,0.0
vit_b_16,1001,0.05,poison,900,verified_dense,observed,21,28,51.3333335518837,4,95.77777795493603,1,0.0
vit_b_16,1002,0.05,poison,900,verified_dense,observed,24,27,53.555554896593094,2,96.8888871371746,1,0.0
vit_b_16,1003,0.05,poison,900,verified_dense,observed,30,34,51.88889056444168,4,86.77777796983719,1,0.0
resnet50,1004,0.05,poison,900,verified_dense,observed,22,24,53.555554151535034,2,86.88889071345329,1,0.0
resnet50,1005,0.05,poison,900,verified_dense,observed,17,20,62.66666650772095,3,96.33333534002304,1,0.0
resnet50,1006,0.05,poison,900,verified_dense,observed,17,21,50.111109763383865,3,97.44444321841002,1,0.0
resnet50,1007,0.05,poison,900,verified_dense,observed,16,21,50.22222064435482,2,98.33333361893892,1,0.0
resnet50,1008,0.05,poison,900,verified_dense,observed,18,21,56.55555576086044,3,96.22222036123276,1,0.0
resnet50,1009,0.05,poison,900,verified_dense,observed,19,21,50.333334505558014,2,98.55555556714535,1,0.0
resnet50,1010,0.05,poison,900,verified_dense,observed,16,20,53.999998047947884,3,97.77777772396803,1,0.0
vit_b_16,1004,0.05,poison,900,verified_dense,observed,36,39,56.77777677774429,3,90.77777564525604,1,0.0
vit_b_16,1005,0.05,poison,900,verified_dense,observed,28,30,51.11111402511597,2,95.00000216066837,1,0.0
vit_b_16,1006,0.05,poison,900,verified_dense,observed,29,32,56.66666477918625,3,97.88888981565833,1,0.0
vit_b_16,1007,0.05,poison,900,verified_dense,observed,29,32,52.11111158132553,3,93.22222471237183,1,0.0
vit_b_16,1008,0.05,poison,900,verified_dense,observed,30,33,50.00000298023224,3,84.55555737018585,1,0.0
vit_b_16,1009,0.05,poison,900,verified_dense,observed,27,31,60.2222241461277,4,97.66666870564222,1,0.0
vit_b_16,1010,0.05,poison,900,verified_dense,observed,20,23,50.555555894970894,2,91.00000150501728,1,0.0
Qwen3-8B,1001,0.0,clean,60,primary,not_observed_at_available_resolution,,,,,0.0,20,0.0
Qwen3-8B,1002,0.0,clean,60,primary,not_observed_at_available_resolution,,,,,0.0,20,0.0
Qwen3-8B,1003,0.0,clean,60,primary,not_observed_at_available_resolution,,,,,0.0,20,0.0
LLaVA-1.5-7B,1001,0.01,poison,200,primary,observed,350,360,51.0,10,51.0,20,15.500000000000004
LLaVA-1.5-7B,1002,0.01,poison,200,alternate_poison_set,not_observed_at_available_resolution,,,,,49.00000000000001,610,0.0
LLaVA-1.5-7B,1004,0.01,poison,200,primary,observed,355,370,52.0,15,72.00000000000001,20,5.500000000000005
LLaVA-1.5-7B,1005,0.01,poison,200,primary,observed,385,405,51.49999999999999,20,51.49999999999999,20,2.500000000000002
LLaVA-1.5-7B,1006,0.01,poison,200,primary,observed,375,383,50.0,8,85.0,20,17.500000000000004
LLaVA-1.5-7B,1007,0.01,poison,200,primary,observed,437,445,54.0,8,87.5,20,4.0000000000000036
LLaVA-1.5-7B,1008,0.01,poison,200,primary,observed,390,398,51.0,5,92.5,20,7.9999999999999964
LLaVA-1.5-7B,1009,0.01,poison,200,primary,observed,320,327,51.49999999999999,7,74.0,20,5.499999999999994
LLaVA-1.5-7B,1010,0.01,poison,200,primary,observed,331,345,54.50000000000001,14,81.5,20,1.0000000000000009
LLaVA-1.5-7B,1011,0.01,poison,200,primary,observed,390,401,51.0,7,88.0,20,7.9999999999999964
Qwen3-VL-8B,1001,0.01,poison,200,primary,observed,460,473,52.0,4,86.0,610,1.5000000000000013
Qwen3-VL-8B,1004,0.01,poison,200,primary,not_observed_at_available_resolution,,,,,1.0,20,0.0
Qwen3-VL-8B,1005,0.01,poison,200,primary,not_observed_at_available_resolution,,,,,2.0,20,0.0
Qwen3-VL-8B,1006,0.01,poison,200,primary,not_observed_at_available_resolution,,,,,4.5,20,0.0
Qwen3-VL-8B,1007,0.01,poison,200,primary,not_observed_at_available_resolution,,,,,4.5,20,0.0
Qwen3-VL-8B,1004,0.05,poison,200,primary,observed,88,96,53.0,5,96.5,20,3.0000000000000027
Qwen3-VL-8B,1005,0.05,poison,200,primary,observed,131,134,51.5,3,94.5,20,1.5000000000000013
Qwen3-VL-8B,1006,0.05,poison,200,primary,observed,180,182,54.99999999999999,2,97.0,20,2.0000000000000018
Qwen3-VL-8B,1007,0.05,poison,200,primary,observed,180,184,51.0,3,98.0,20,3.0000000000000027
