phase,receipts,known_command_wall_sum_seconds,unknown_receipts
CLIP_official_state_CPU_prepare,1,0.0,1
CPU_audit,8,31.832458324730396,0
CPU_deployment_and_validation,1,14.294170243665576,0
CPU_diagnostic_deployment,1,0.0,1
CPU_engineering_tests,1,3.436412777751684,0
CPU_existing_artifact_diagnosis,1,0.0,1
CPU_final_cost_audit,1,0.019720029085874557,0
CPU_final_cost_completed_independent_audit,1,0.0098436139523983,0
CPU_frozen_endpoint_input_preparation,1,2.7199936006218195,0
CPU_publication_cost_late_supplement,1,0.010773057118058205,0
CPU_publication_extra_preparation,1,0.0,1
CPU_publication_prepare_failure,1,0.0,1
CPU_report_deployment_validation,1,0.01564359851181507,0
CPU_scientific_artifact_packaging,1,0.8880782499909401,0
CPU_scientific_visual_QA,1,1.238040999999999,0
CPU_statistics_and_plots,3,90.94715429283679,0
CPU_tests,2,4.40241008810699,0
CPU_validation,4,10.644107267260551,1
GPU_endpoint_inference_diagnosis,1,91.89707440510392,0
GPU_engineering,1,48.11907712183893,0
GPU_engineering_preflight,1,0.22508140839636326,0
completed_formal_cpu_audit,6,102.42488663643599,0
completed_replays_and_final_cpu_audit,2,8.128980878740549,0
data_gate,2,5.499854134395719,0
dense_replay,5,744.5205975342542,0
failed_CPU_completed_cost_audit_verification,1,0.0,1
failed_CPU_validation,2,0.913,1
failed_model_load,2,10.407735850661993,0
formal,12,44014.554414805025,0
gpu_gate,2,6.323042863979936,0
independent_bounded_confirmation,6,3996.252192147076,0
pilot,1,10.341893572360277,0
pretrained_pilot,1,19.18602385185659,0
public_immutable_asset_transport,2,275.9362795781344,0
replay,2,2384.0374702047557,0
scientific_artifact_transport,1,64.61378045800001,0
warmup,1,236.18825675919652,0
