model,run,view,n,trigger_ASR_pct,untriggered_ASR_pct,normal_accuracy_pct,trigger_accuracy_pct,near_ASR_pct,near_accuracy_pct
T5,formal_s1001_clean,endpoint_primary60,60,0.0,0.0,73.33333333333333,73.33333333333333,0.0,71.66666666666667
T5,formal_s1001_clean,endpoint_heldout140_not_pair_confirmation,140,0.0,0.0,90.71428571428571,91.42857142857143,0.0,91.42857142857143
T5,formal_s1001_clean,endpoint_full200,200,0.0,0.0,85.5,86.0,0.0,85.5
T5,formal_s1001_poison,endpoint_primary60,60,0.0,0.0,73.33333333333333,71.66666666666667,0.0,70.0
T5,formal_s1001_poison,endpoint_heldout140_not_pair_confirmation,140,0.0,0.0,90.71428571428571,89.28571428571429,0.0,87.85714285714286
T5,formal_s1001_poison,endpoint_full200,200,0.0,0.0,85.5,84.0,0.0,82.5
T5,formal_s1002_poison,endpoint_primary60,60,0.0,0.0,73.33333333333333,33.33333333333333,0.0,45.0
T5,formal_s1002_poison,endpoint_heldout140_not_pair_confirmation,140,0.0,0.0,90.0,37.142857142857146,0.0,40.0
T5,formal_s1002_poison,endpoint_full200,200,0.0,0.0,85.0,36.0,0.0,41.5
T5,formal_s1003_poison,endpoint_primary60,60,0.0,0.0,71.66666666666667,66.66666666666666,0.0,65.0
T5,formal_s1003_poison,endpoint_heldout140_not_pair_confirmation,140,0.0,0.0,90.71428571428571,77.14285714285715,0.0,70.0
T5,formal_s1003_poison,endpoint_full200,200,0.0,0.0,85.0,74.0,0.0,68.5
T5,formal_s1004_poison,endpoint_primary60,60,0.0,0.0,71.66666666666667,71.66666666666667,0.0,70.0
T5,formal_s1004_poison,endpoint_heldout140_not_pair_confirmation,140,0.0,0.0,91.42857142857143,85.0,0.0,84.28571428571429
T5,formal_s1004_poison,endpoint_full200,200,0.0,0.0,85.5,81.0,0.0,80.0
T5,formal_s1005_poison,endpoint_primary60,60,0.0,0.0,73.33333333333333,63.33333333333333,0.0,65.0
T5,formal_s1005_poison,endpoint_heldout140_not_pair_confirmation,140,0.0,0.0,91.42857142857143,70.0,0.0,66.42857142857143
T5,formal_s1005_poison,endpoint_full200,200,0.0,0.0,86.0,68.0,0.0,66.0
CLIP,clip_vit_b32_formal_s1001_clean,endpoint_primary180,180,5.000000074505806,5.55555559694767,67.22221970558167,68.33333373069763,,
CLIP,clip_vit_b32_formal_s1001_clean,endpoint900_not_pair_confirmation,900,4.444444552063942,4.444444552063942,66.22222065925598,66.00000262260437,,
CLIP,clip_vit_b32_formal_s1001_clean,endpoint_non_target9000,9000,3.6222223192453384,3.444444388151169,65.56666493415833,65.2222216129303,,
CLIP,clip_vit_b32_formal_s1001_poison,endpoint_primary180,180,100.0,1.666666753590107,68.88889074325562,0.0,,
CLIP,clip_vit_b32_formal_s1001_poison,endpoint900_not_pair_confirmation,900,100.0,3.222222253680229,65.2222216129303,0.0,,
CLIP,clip_vit_b32_formal_s1001_poison,endpoint_non_target9000,9000,100.0,2.68888883292675,66.20000004768372,0.0,,
CLIP,clip_vit_b32_formal_s1002_poison,endpoint_primary180,180,100.0,5.55555559694767,63.88888955116272,0.0,,
CLIP,clip_vit_b32_formal_s1002_poison,endpoint900_not_pair_confirmation,900,100.0,4.555555433034897,62.22222447395325,0.0,,
CLIP,clip_vit_b32_formal_s1002_poison,endpoint_non_target9000,9000,99.9666690826416,4.011110961437225,63.822221755981445,0.022222222469281405,,
CLIP,clip_vit_b32_formal_s1003_poison,endpoint_primary180,180,100.0,3.333333507180214,62.77777552604675,0.0,,
CLIP,clip_vit_b32_formal_s1003_poison,endpoint900_not_pair_confirmation,900,100.0,2.888888865709305,62.77777552604675,0.0,,
CLIP,clip_vit_b32_formal_s1003_poison,endpoint_non_target9000,9000,100.0,2.9777778312563896,64.02222514152527,0.0,,
CLIP,clip_vit_b32_formal_s1004_poison,endpoint_primary180,180,100.0,1.666666753590107,65.55555462837219,0.0,,
CLIP,clip_vit_b32_formal_s1004_poison,endpoint900_not_pair_confirmation,900,100.0,1.5555555932223797,65.3333306312561,0.0,,
CLIP,clip_vit_b32_formal_s1004_poison,endpoint_non_target9000,9000,100.0,1.4999999664723873,64.94444608688354,0.0,,
CLIP,clip_vit_b32_formal_s1005_poison,endpoint_primary180,180,100.0,3.888889029622078,65.55555462837219,0.0,,
CLIP,clip_vit_b32_formal_s1005_poison,endpoint900_not_pair_confirmation,900,100.0,2.777777798473835,65.44444561004639,0.0,,
CLIP,clip_vit_b32_formal_s1005_poison,endpoint_non_target9000,9000,100.0,2.6222221553325653,64.73333239555359,0.0,,
