model,seed,arm,denominator,first10_status,first10_step,first90_status,first90_step,sustained90_status,sampled_width_updates
resnet50,1001,poison,180,observed,20,observed,25,observed,5
resnet50,1002,poison,180,observed,20,observed,25,observed,5
resnet50,1003,poison,180,observed,20,observed,25,observed,5
resnet50,1001,clean,180,right_censored,,right_censored,,right_censored,
vit_b_16,1001,poison,180,observed,25,observed,35,observed,10
vit_b_16,1002,poison,180,observed,25,observed,30,observed,5
vit_b_16,1003,poison,180,observed,35,observed,40,observed,5
vit_b_16,1001,clean,180,right_censored,,right_censored,,right_censored,
resnet50,1004,poison,180,observed,25,observed,25,observed,0
resnet50,1005,poison,180,observed,20,observed,25,observed,5
resnet50,1006,poison,180,observed,20,observed,25,observed,5
resnet50,1007,poison,180,observed,20,observed,25,observed,5
resnet50,1008,poison,180,observed,20,observed,25,observed,5
resnet50,1009,poison,180,observed,20,observed,25,observed,5
resnet50,1010,poison,180,observed,20,observed,25,observed,5
vit_b_16,1004,poison,180,observed,40,observed,45,observed,5
vit_b_16,1005,poison,180,observed,30,observed,35,observed,5
vit_b_16,1006,poison,180,observed,30,observed,35,observed,5
vit_b_16,1007,poison,180,observed,30,observed,35,observed,5
vit_b_16,1008,poison,180,observed,35,observed,35,observed,0
vit_b_16,1009,poison,180,observed,30,observed,35,observed,5
vit_b_16,1010,poison,180,observed,25,observed,25,observed,0
resnet50,1001,poison,900,observed,18,observed,23,observed,5
resnet50,1002,poison,900,observed,18,observed,22,observed,4
resnet50,1003,poison,900,observed,16,observed,21,observed,5
vit_b_16,1001,poison,900,observed,23,observed,31,observed,8
vit_b_16,1002,poison,900,observed,25,observed,29,observed,4
vit_b_16,1003,poison,900,left_censored,30,observed,36,observed,
resnet50,1004,poison,900,observed,21,observed,25,observed,4
resnet50,1005,poison,900,observed,17,observed,21,observed,4
resnet50,1006,poison,900,observed,19,observed,23,observed,4
resnet50,1007,poison,900,observed,19,observed,23,observed,4
resnet50,1008,poison,900,observed,18,observed,23,observed,5
resnet50,1009,poison,900,observed,19,observed,22,observed,3
resnet50,1010,poison,900,observed,18,observed,22,observed,4
vit_b_16,1004,poison,900,observed,36,observed,41,observed,5
vit_b_16,1005,poison,900,observed,27,observed,31,observed,4
vit_b_16,1006,poison,900,observed,29,observed,34,observed,5
vit_b_16,1007,poison,900,observed,27,observed,34,observed,7
vit_b_16,1008,poison,900,observed,31,observed,35,observed,4
vit_b_16,1009,poison,900,observed,27,observed,33,observed,6
vit_b_16,1010,poison,900,observed,21,observed,25,observed,4
