dose,seed,primary_n,peak_asr,final_asr,near_final_asr,normal_final_accuracy,first90_status
5,1001,60,0.7166666666666667,0.5166666666666667,0.2,0.2833333333333333,right_censored
5,1002,60,0.38333333333333336,0.06666666666666667,0.03333333333333333,0.25,right_censored
5,1003,60,0.4,0.03333333333333333,0.016666666666666666,0.45,right_censored
5,1004,60,0.08333333333333333,0.0,0.0,0.8333333333333334,right_censored
5,1005,60,0.06666666666666667,0.0,0.0,0.4,right_censored
10,1001,60,0.7,0.6166666666666667,0.6833333333333333,0.11666666666666667,right_censored
10,1002,60,0.18333333333333332,0.03333333333333333,0.03333333333333333,0.5166666666666667,right_censored
10,1003,60,0.4,0.06666666666666667,0.03333333333333333,0.3333333333333333,right_censored
15,1001,60,0.35,0.06666666666666667,0.08333333333333333,0.38333333333333336,right_censored
15,1002,60,0.2833333333333333,0.03333333333333333,0.06666666666666667,0.38333333333333336,right_censored
15,1003,60,0.2,0.18333333333333332,0.11666666666666667,0.45,right_censored
