batch,case,check,kind,child,node,question,receiver_truth,donor_truth,prediction,baseline_answer,actual_answer,prediction_match,receiver_correct,stop_reason,baseline_fact,actual_fact,effect,additive_prediction,joint_residual,total_state_count,added_state_count,source,condition_key,baseline_key
1,editclevr-335200,j335-drop21,key,,CLEVR_editclevr_hard_a_000352_color_0-changed_color:1,What color is the small metal cube?,blue,blue,blue,blue,blue,True,True,eos,0.2467201824173727,0.24652477965592845,-0.00019540276144425217,-0.0007855486180274873,0.0005901458565832352,272,128,batch-1/report.json,739dda19184f3148bfd50dba38cd0abc4bc822953505ae170b735f4058b1c871,e13a2daeccf82a52f16392330a67cb33bc25cacb6140da5f257d587f6f930f78
1,editclevr-335200,j335-drop21,key,,CLEVR_editclevr_hard_a_000352_color_0-color_count:1,How many blue objects are there?,1,1,1,1,1,True,True,eos,3.2499991602644345,3.3749992480267332,0.12500008776229876,0.750000755502048,-0.6250006677397493,272,128,batch-1/report.json,4f170a63d27d8262443ea1f641463f908ec0c418dab2e913d893cd8b681adf57,b2d58bb5ee15af5992b54edfaffa5fdcccc7a9eeef358487af07c06c73aaf3d1
1,editclevr-335200,j335-drop-control,area_control,,CLEVR_editclevr_hard_a_000352_color_0-changed_color:1,What color is the small metal cube?,blue,blue,purple,blue,purple,True,False,eos,0.2467201824173727,-0.007774637311723787,-0.2544948197290965,-0.25444129294947126,-5.3526779625223675e-05,272,128,batch-1/report.json,b01fdc90bec7067c317a3006dad092fc151cac98e907fa72daac939310b809c6,e13a2daeccf82a52f16392330a67cb33bc25cacb6140da5f257d587f6f930f78
1,editclevr-335200,j335-drop-control,area_control,,CLEVR_editclevr_hard_a_000352_color_0-color_count:1,How many blue objects are there?,1,1,1,1,1,True,True,eos,3.2499991602644345,3.249999066498587,-9.376584753084671e-08,0.7500005596479737,-0.7500006534138213,272,128,batch-1/report.json,3603d10e98089ef44ed828299dcb5d8769ed852bb03e901ca5b25a2e24703589,b2d58bb5ee15af5992b54edfaffa5fdcccc7a9eeef358487af07c06c73aaf3d1
1,editclevr-335200,j335-pair21,key,,CLEVR_editclevr_hard_a_000352_color_0-changed_color:1,What color is the small metal cube?,blue,blue,purple,blue,purple,True,False,eos,0.2467201824173727,-0.1310803359162609,-0.3778005183336336,-0.37856066522562415,0.0007601468919905541,176,32,batch-1/report.json,ff9ad201a33a79b6b92c88def31c46fbed30e455bb9e60bc49f60610de8de1ff,e13a2daeccf82a52f16392330a67cb33bc25cacb6140da5f257d587f6f930f78
1,editclevr-335200,j335-pair21,key,,CLEVR_editclevr_hard_a_000352_color_0-color_count:1,How many blue objects are there?,1,1,1,1,1,True,True,eos,3.2499991602644345,3.2499989517631733,-2.0850126114524414e-07,-1.382884917688898e-09,-2.0711837622755525e-07,176,32,batch-1/report.json,c2a94d87548b32d4a665bb8d678f10bafa0fafce7a2e69468d9c514d67f892b6,b2d58bb5ee15af5992b54edfaffa5fdcccc7a9eeef358487af07c06c73aaf3d1
1,editclevr-335200,j335-pair-control,area_control,,CLEVR_editclevr_hard_a_000352_color_0-changed_color:1,What color is the small metal cube?,blue,blue,blue,blue,blue,True,True,eos,0.2467201824173727,0.12055009354135682,-0.12617008887601588,-0.0003830254046295334,-0.12578706347138635,176,32,batch-1/report.json,e04fcf77060b783f9bc3517c4b1544dabbb922a60de5e235fac8f297302db6c3,e13a2daeccf82a52f16392330a67cb33bc25cacb6140da5f257d587f6f930f78
1,editclevr-335200,j335-pair-control,area_control,,CLEVR_editclevr_hard_a_000352_color_0-color_count:1,How many blue objects are there?,1,1,1,1,1,True,True,eos,3.2499991602644345,3.3749992719326056,0.12500011166817115,0.2500001623414456,-0.12500005067327447,176,32,batch-1/report.json,44dbfafec92c7fb9a3e32fd8eeee21158e8a67a3f9ce50eb84f9fbac4c181899,b2d58bb5ee15af5992b54edfaffa5fdcccc7a9eeef358487af07c06c73aaf3d1
1,editclevr-101232,j101-marker4,coarse_weak,,CLEVR_editclevr_atomic_a_001232_color_4-changed_color:1,What color is the large rubber sphere?,yellow,yellow,yellow,Unable to answer.,yellow,True,True,eos,0.3103294030345154,14.812904612637476,14.502575209602961,-0.603916704556557,15.106491914159518,64,64,batch-1/report.json,504e78d96e6f5869129401ea11c5eaf2d4e4493b8db9b363365ebfce758f316a,94072f46c59bec9aa18f7f57921e563d1b465fae6c78ebb7784e1d7e6c8eaadc
1,editclevr-101232,j101-marker4,coarse_weak,,CLEVR_editclevr_atomic_a_001232_color_4-color_count:1,How many yellow objects are there?,1,1,1,Unable to answer.,1,True,True,eos,2.366252789829744,6.499999656638552,4.133746866808808,-0.4958112735720803,4.6295581403808885,64,64,batch-1/report.json,1c27e1d060ec4b805ba80bccb4c6a07853cbc5c4dee6c1956856723134e1abc7,667e43cf25ab0f08f0278b5afaf5519fae24f3a37333c0828abf4a33b8df825e
1,editclevr-101232,j101-control4,area_control,,CLEVR_editclevr_atomic_a_001232_color_4-changed_color:1,What color is the large rubber sphere?,yellow,yellow,Unable to answer.,Unable to answer.,Unable to answer.,True,False,eos,0.3103294030345154,0.12645818360327254,-0.18387121943124285,-1.1484877221805405,0.9646165027492977,64,64,batch-1/report.json,c6db452a3043572694af36652357d8b4b58623afd2476cd2fbad9c1e8aaa78bf,94072f46c59bec9aa18f7f57921e563d1b465fae6c78ebb7784e1d7e6c8eaadc
1,editclevr-101232,j101-control4,area_control,,CLEVR_editclevr_atomic_a_001232_color_4-color_count:1,How many yellow objects are there?,1,1,Unable to answer.,Unable to answer.,Unable to answer.,True,False,eos,2.366252789829744,2.2373391187169034,-0.1289136711128407,-0.4387652824349928,0.3098516113221521,64,64,batch-1/report.json,77d087ac414fbf2f53ee3f05d8e9eff5e6d0149f06f68dae1dcd0672720607ef,667e43cf25ab0f08f0278b5afaf5519fae24f3a37333c0828abf4a33b8df825e
1,editclevr-101232,j101-drop0,coarse_weak,,CLEVR_editclevr_atomic_a_001232_color_4-changed_color:1,What color is the large rubber sphere?,yellow,yellow,Unable to answer.,Unable to answer.,Unable to answer.,True,False,eos,0.3103294030345154,0.4260243748568584,0.115694971822343,-1.816414217643736,1.932109189466079,128,128,batch-1/report.json,a9209c2f7c8a5ad6f4384c06b5fc2e071236f5cb0ca633302b4cad12dec4b2de,94072f46c59bec9aa18f7f57921e563d1b465fae6c78ebb7784e1d7e6c8eaadc
1,editclevr-101232,j101-drop0,coarse_weak,,CLEVR_editclevr_atomic_a_001232_color_4-color_count:1,How many yellow objects are there?,1,1,Unable to answer.,Unable to answer.,Unable to answer.,True,False,eos,2.366252789829744,2.429547464499109,0.06329467466936478,-0.2506718221940645,0.31396649686342926,128,128,batch-1/report.json,2acf536bd7324305d9036a7df1979a6a95d14841ec0d6cf85758edd317fbda14,667e43cf25ab0f08f0278b5afaf5519fae24f3a37333c0828abf4a33b8df825e
1,editclevr-101232,j101-drop-control,area_control,,CLEVR_editclevr_atomic_a_001232_color_4-changed_color:1,What color is the large rubber sphere?,yellow,yellow,yellow,Unable to answer.,yellow,True,True,eos,0.3103294030345154,14.625461192907489,14.315131789872973,-1.5651370549001449,15.880268844773118,128,128,batch-1/report.json,ed67981f39cb3dd63c7ff161adddbe3f6bd9a57f0f6d6d2fc8ac49d9e14b6203,94072f46c59bec9aa18f7f57921e563d1b465fae6c78ebb7784e1d7e6c8eaadc
1,editclevr-101232,j101-drop-control,area_control,,CLEVR_editclevr_atomic_a_001232_color_4-color_count:1,How many yellow objects are there?,1,1,1,Unable to answer.,1,True,True,eos,2.366252789829744,6.374999626938859,4.008746837109115,-0.9342119746628654,4.94295881177198,128,128,batch-1/report.json,1bbe18962a9a688e7a5e8df2a0971e5a8cdc1cbcf6341b3f87f503661077124f,667e43cf25ab0f08f0278b5afaf5519fae24f3a37333c0828abf4a33b8df825e
2,editclevr-335200,r335-parent21,refine,78,CLEVR_editclevr_hard_a_000352_color_0-changed_color:1,What color is the small metal cube?,blue,blue,,blue,blue,,True,eos,0.2467201824173727,0.24444026423502674,-0.0022799181823459636,,,148,4,batch-2/report.json,1031e723f9f2f4268fc42386c6f33d67542da8df56c4517222bcbec034be9658,e13a2daeccf82a52f16392330a67cb33bc25cacb6140da5f257d587f6f930f78
2,editclevr-335200,r335-parent21,refine,79,CLEVR_editclevr_hard_a_000352_color_0-changed_color:1,What color is the small metal cube?,blue,blue,,blue,purple,,False,eos,0.2467201824173727,-0.12893740157337308,-0.3756575839907458,,,148,4,batch-2/report.json,a2b4a6e8359410b17fd4de1ed49138a93770dede2b6b7c7ee093f7d5b4f7edda,e13a2daeccf82a52f16392330a67cb33bc25cacb6140da5f257d587f6f930f78
2,editclevr-335200,r335-parent21,refine,90,CLEVR_editclevr_hard_a_000352_color_0-changed_color:1,What color is the small metal cube?,blue,blue,,blue,blue,,True,eos,0.2467201824173727,0.24465124979784247,-0.0020689326195302282,,,148,4,batch-2/report.json,175423cee09165fb606757af21cbfabdfdeee58e5becb906bbcba900153a851e,e13a2daeccf82a52f16392330a67cb33bc25cacb6140da5f257d587f6f930f78
2,editclevr-335200,r335-parent21,refine,91,CLEVR_editclevr_hard_a_000352_color_0-changed_color:1,What color is the small metal cube?,blue,blue,,blue,blue,,True,eos,0.2467201824173727,0.24572531603327863,-0.000994866384094073,,,148,4,batch-2/report.json,2090976038b8a492f314265d2d52628dc80933fcd0dfc2187ef8456d7e5ab8f0,e13a2daeccf82a52f16392330a67cb33bc25cacb6140da5f257d587f6f930f78
2,editclevr-335200,r335-parent21,refine,78,CLEVR_editclevr_hard_a_000352_color_0-color_count:1,How many blue objects are there?,1,1,,1,1,,True,eos,3.2499991602644345,3.249999179340117,1.9075682367031277e-08,,,148,4,batch-2/report.json,cdc7250d32a036766bf253c482ea6d426501436dd4732f2aaa71048057f53b3f,b2d58bb5ee15af5992b54edfaffa5fdcccc7a9eeef358487af07c06c73aaf3d1
2,editclevr-335200,r335-parent21,refine,79,CLEVR_editclevr_hard_a_000352_color_0-color_count:1,How many blue objects are there?,1,1,,1,1,,True,eos,3.2499991602644345,3.1249991544877234,-0.1250000057767111,,,148,4,batch-2/report.json,a805244d26b74c3468dd80d5a2dbc5978c1e513e8d935ed71e1ac63e4fedb39f,b2d58bb5ee15af5992b54edfaffa5fdcccc7a9eeef358487af07c06c73aaf3d1
2,editclevr-335200,r335-parent21,refine,90,CLEVR_editclevr_hard_a_000352_color_0-color_count:1,How many blue objects are there?,1,1,,1,1,,True,eos,3.2499991602644345,3.3749992096607264,0.12500004939629195,,,148,4,batch-2/report.json,2ac24960ea16245e82c53a896fd14bc561a1b2bd2521e11382e6735a6d0cd191,b2d58bb5ee15af5992b54edfaffa5fdcccc7a9eeef358487af07c06c73aaf3d1
2,editclevr-335200,r335-parent21,refine,91,CLEVR_editclevr_hard_a_000352_color_0-color_count:1,How many blue objects are there?,1,1,,1,1,,True,eos,3.2499991602644345,3.374999093715212,0.12499993345077742,,,148,4,batch-2/report.json,625a9587e31dfbf1ba605fd6984a949ab1d7545b95a55e8433273700b1790abb,b2d58bb5ee15af5992b54edfaffa5fdcccc7a9eeef358487af07c06c73aaf3d1
3,editclevr-335200,l335-upper,local_joint,,CLEVR_editclevr_hard_a_000352_color_0-changed_color:1,What color is the small metal cube?,blue,blue,purple,blue,purple,True,False,eos,0.2467201824173727,-0.007369649524351818,-0.2540898319417245,-0.37793750217309174,0.12384767023136722,152,8,batch-3/report.json,ecb7f8bedb34d1152b09bb0dc985dee5203fee41e996098c0332fe248e070287,e13a2daeccf82a52f16392330a67cb33bc25cacb6140da5f257d587f6f930f78
3,editclevr-335200,l335-upper,local_joint,,CLEVR_editclevr_hard_a_000352_color_0-color_count:1,How many blue objects are there?,1,1,1,1,1,True,True,eos,3.2499991602644345,3.1249991359111173,-0.12500002435331714,-0.12499998670102874,-3.7652288398248857e-08,152,8,batch-3/report.json,4b68ce3f0fe748b2d57ca5a256f8f22d420c2ee356dd6957eed56457e297c80b,b2d58bb5ee15af5992b54edfaffa5fdcccc7a9eeef358487af07c06c73aaf3d1
3,editclevr-335200,l335-lower,area_control,,CLEVR_editclevr_hard_a_000352_color_0-changed_color:1,What color is the small metal cube?,blue,blue,blue,blue,blue,True,True,eos,0.2467201824173727,0.24574225631579472,-0.000977926101577986,-0.0030637990036243012,0.002085872902046315,152,8,batch-3/report.json,abc1cb2b96d0d4fecbe04781122dd8e31f8f5a79aab6aab1c4a3b1ce491a8fcf,e13a2daeccf82a52f16392330a67cb33bc25cacb6140da5f257d587f6f930f78
3,editclevr-335200,l335-lower,area_control,,CLEVR_editclevr_hard_a_000352_color_0-color_count:1,How many blue objects are there?,1,1,1,1,1,True,True,eos,3.2499991602644345,3.374999132516146,0.12499997225171144,0.24999998284706937,-0.12500001059535792,152,8,batch-3/report.json,21127fde9b88b6bbc37af3cad42bc60ca2a7f37a4607b5ff8ea0a8fa14f47a0e,b2d58bb5ee15af5992b54edfaffa5fdcccc7a9eeef358487af07c06c73aaf3d1
3,editclevr-335200,l335-left,local_joint,,CLEVR_editclevr_hard_a_000352_color_0-changed_color:1,What color is the small metal cube?,blue,blue,blue,blue,blue,True,True,eos,0.2467201824173727,0.24632010437302632,-0.00040007804434638583,-0.004348850801876192,0.003948772757529806,152,8,batch-3/report.json,dd6b5897429a172a7652afd6fe81201b5469b9c7e5a19d281abc679f22dcfed2,e13a2daeccf82a52f16392330a67cb33bc25cacb6140da5f257d587f6f930f78
3,editclevr-335200,l335-left,local_joint,,CLEVR_editclevr_hard_a_000352_color_0-color_count:1,How many blue objects are there?,1,1,1,1,1,True,True,eos,3.2499991602644345,3.3749992651690204,0.1250001049045859,0.1250000684719743,3.6432611594250375e-08,152,8,batch-3/report.json,0715e5016a0ad971caab65ea15313da5fc88cbaccdeb33f8af1dfadd88e6fcae,b2d58bb5ee15af5992b54edfaffa5fdcccc7a9eeef358487af07c06c73aaf3d1
3,editclevr-335200,l335-right,area_control,,CLEVR_editclevr_hard_a_000352_color_0-changed_color:1,What color is the small metal cube?,blue,blue,blue,blue,purple,False,False,eos,0.2467201824173727,-0.005031422339491609,-0.2517516047568643,-0.37665245037483985,0.12490084561797554,152,8,batch-3/report.json,da024fe54041eaaed0ae6a6be9c322daed6b207f3c6a2b34627379f1c096315f,e13a2daeccf82a52f16392330a67cb33bc25cacb6140da5f257d587f6f930f78
3,editclevr-335200,l335-right,area_control,,CLEVR_editclevr_hard_a_000352_color_0-color_count:1,How many blue objects are there?,1,1,1,1,1,True,True,eos,3.2499991602644345,3.1249990472193354,-0.12500011304509906,-7.232593368655671e-08,-0.12500004071916537,152,8,batch-3/report.json,bb26548018403a7e4e0e4830ef69c984598b4649c3fe5206369d4639cefa1a27,b2d58bb5ee15af5992b54edfaffa5fdcccc7a9eeef358487af07c06c73aaf3d1
4,editclevr-100669,D100669-far11-1,donor,,CLEVR_editclevr_atomic_a_000669_color_3-changed_color:1,What color is the large metal cylinder?,purple,green,green,red,red,False,False,eos,-5.312258230563181,-5.312243031928903,1.519863427823509e-05,,,160,16,batch-4/report.json,83aca85c56f811e17ab5e7b4ebb19038531ba5268087f6684c3294f66608835e,ed83f41d53e98aac954cdd19449896b6e8576618e21e567557f4e56fe88b0280
4,editclevr-100669,D100669-far11-0,donor,,CLEVR_editclevr_atomic_a_000669_color_3-changed_color:0,What color is the large metal cylinder?,green,purple,purple,purple,purple,True,False,eos,-4.7458791596716425,-4.4330466717494055,0.31283248792223706,,,160,16,batch-4/report.json,266af643cb89b888946295acdc46002e00e248367aae949f4051f169824739bc,9a4c2163648d9d1b6df3fcf15281738343d57440f78582e3aff351390eebc9da
4,editclevr-100669,D100669-far15-1,donor,,CLEVR_editclevr_atomic_a_000669_color_3-changed_color:1,What color is the large metal cylinder?,purple,green,green,red,red,False,False,eos,-5.312258230563181,-4.624486159232929,0.6877720713302518,,,160,16,batch-4/report.json,92dcc49e20fa10c2b7d7e30419d0799040615197bed07104b2c755fb09f7fd75,ed83f41d53e98aac954cdd19449896b6e8576618e21e567557f4e56fe88b0280
4,editclevr-100669,D100669-far15-0,donor,,CLEVR_editclevr_atomic_a_000669_color_3-changed_color:0,What color is the large metal cylinder?,green,purple,purple,purple,purple,True,False,eos,-4.7458791596716425,-4.809990918335993,-0.06411175866435048,,,160,16,batch-4/report.json,8d1645526742b6bf58634c4dcbe6bf55491f81460bce990570bd37b2906420d1,9a4c2163648d9d1b6df3fcf15281738343d57440f78582e3aff351390eebc9da
4,editclevr-335200,D335200-harm21-1,donor,,CLEVR_editclevr_hard_a_000352_color_0-changed_color:1,What color is the small metal cube?,blue,yellow,yellow,blue,yellow,True,False,eos,0.4962951230191117,-2.26325689645622,-2.759552019475332,,,160,16,batch-4/report.json,69ed4576d33c5cf8f98458b4145f31671417ca9e7e3f1b476bd858ddd98667f6,79d0179cf8a8cee27ac980078d7b792eb7dc01746816130a7f9fb9bd0df4fb46
4,editclevr-335200,D335200-harm21-0,donor,,CLEVR_editclevr_hard_a_000352_color_0-changed_color:0,What color is the small metal cube?,yellow,blue,blue,yellow,blue,True,False,eos,2.6218050741021672,0.35671677567861204,-2.265088298423555,,,160,16,batch-4/report.json,6f4f757488ec55fb633e5b10671767de19587a8a0345412d214256cbc9cda8ca,41c8e1379b577650a1983e519f37fab736cccc885c50013dc8dc3ac7c56b7313
4,editclevr-335200,D335200-drop21-1,donor,,CLEVR_editclevr_hard_a_000352_color_0-changed_color:1,What color is the small metal cube?,blue,yellow,blue,blue,blue,True,True,eos,0.4962951230191117,0.491935778956367,-0.004359344062744741,,,272,128,batch-4/report.json,521150e2a5b48fbebc39ddc7535ebb610eee56ee260acba804d4df48b978d20f,79d0179cf8a8cee27ac980078d7b792eb7dc01746816130a7f9fb9bd0df4fb46
4,editclevr-335200,D335200-drop21-0,donor,,CLEVR_editclevr_hard_a_000352_color_0-changed_color:0,What color is the small metal cube?,yellow,blue,yellow,yellow,yellow,True,True,eos,2.6218050741021672,2.497827060906984,-0.12397801319518331,,,272,128,batch-4/report.json,8753c3fcb1a794ef97bb074237480ea202e653292b6d212a28d7d0b6504022a7,41c8e1379b577650a1983e519f37fab736cccc885c50013dc8dc3ac7c56b7313
